m	n	topk	coop_g	us	stddev_pct	path
1	20480	2048	1	23.20	0.157	prefill
1	20480	2048	2	23.00	0.000	decode
1	20480	2048	4	21.50	0.170	decode
1	20480	2048	8	21.10	0.109	decode
1	20480	2048	16	20.40	2.003	decode
1	20480	2048	32	20.40	0.196	decode
1	20480	2048	64	20.50	0.139	decode
2	20480	2048	1	24.10	0.311	prefill
2	20480	2048	2	23.10	0.123	decode
2	20480	2048	4	21.80	2.351	decode
2	20480	2048	8	21.60	0.355	decode
2	20480	2048	16	20.70	0.176	decode
2	20480	2048	32	20.70	0.176	decode
2	20480	2048	64	20.70	0.079	decode
4	20480	2048	1	24.30	0.275	prefill
4	20480	2048	2	23.80	0.227	decode
4	20480	2048	4	22.50	0.325	decode
4	20480	2048	8	21.80	0.309	decode
4	20480	2048	16	20.90	0.574	decode
4	20480	2048	32	21.00	0.593	decode
4	20480	2048	64	21.00	0.434	decode
8	20480	2048	1	24.70	0.219	prefill
8	20480	2048	2	25.20	0.112	decode
8	20480	2048	4	24.20	0.400	decode
8	20480	2048	8	22.70	0.374	decode
8	20480	2048	16	21.80	0.150	decode
8	20480	2048	32	21.70	0.537	decode
8	20480	2048	64	21.80	0.168	decode
16	20480	2048	1	24.80	0.279	prefill
16	20480	2048	2	27.60	0.212	decode
16	20480	2048	4	26.90	0.136	decode
16	20480	2048	8	24.30	0.231	decode
16	20480	2048	16	22.80	0.215	decode
16	20480	2048	32	22.80	0.249	decode
16	20480	2048	64	23.00	0.362	decode
32	20480	2048	1	25.00	0.216	prefill
32	20480	2048	2	28.00	0.175	decode
32	20480	2048	4	27.30	0.134	decode
32	20480	2048	8	24.80	1.255	decode
32	20480	2048	16	23.00	0.382	decode
32	20480	2048	32	23.00	0.318	decode
32	20480	2048	64	23.00	0.158	decode
64	20480	2048	1	25.20	0.215	prefill
64	20480	2048	2	32.10	0.210	decode
64	20480	2048	4	31.40	0.304	decode
64	20480	2048	8	27.70	0.177	decode
64	20480	2048	16	24.70	0.217	decode
64	20480	2048	32	24.70	0.209	decode
64	20480	2048	64	24.70	0.066	decode
128	20480	2048	1	25.60	0.142	prefill
128	20480	2048	2	32.60	0.261	decode
128	20480	2048	4	32.90	0.070	decode
128	20480	2048	8	30.50	0.654	decode
128	20480	2048	16	27.60	0.102	decode
128	20480	2048	32	27.60	0.313	decode
128	20480	2048	64	27.60	0.245	decode
256	20480	2048	1	28.30	0.100	prefill
256	20480	2048	2	34.20	0.096	decode
256	20480	2048	4	40.80	0.223	decode
256	20480	2048	8	38.30	0.148	decode
256	20480	2048	16	33.00	0.377	decode
256	20480	2048	32	33.10	0.468	decode
256	20480	2048	64	33.10	0.172	decode
512	20480	2048	1	35.20	0.362	prefill
512	20480	2048	2	43.00	0.065	prefill
512	20480	2048	4	57.00	0.579	prefill
512	20480	2048	8	53.40	0.123	prefill
512	20480	2048	16	47.30	0.162	prefill
512	20480	2048	32	47.20	0.060	prefill
512	20480	2048	64	47.20	0.091	prefill
1024	20480	2048	1	49.30	0.111	prefill
1024	20480	2048	2	65.40	0.067	prefill
1024	20480	2048	4	81.30	0.090	prefill
1024	20480	2048	8	79.90	0.091	prefill
1024	20480	2048	16	73.20	0.074	prefill
1024	20480	2048	32	73.20	0.038	prefill
1024	20480	2048	64	73.20	0.032	prefill
2048	20480	2048	1	93.40	0.107	prefill
2048	20480	2048	2	108.90	0.042	prefill
2048	20480	2048	4	138.00	0.072	prefill
2048	20480	2048	8	140.40	0.064	prefill
2048	20480	2048	16	132.60	0.037	prefill
2048	20480	2048	32	132.60	0.033	prefill
2048	20480	2048	64	132.60	0.044	prefill
4096	20480	2048	1	182.50	0.116	prefill
4096	20480	2048	2	198.30	0.094	prefill
4096	20480	2048	4	242.90	0.146	prefill
4096	20480	2048	8	270.50	0.094	prefill
4096	20480	2048	16	258.30	0.097	prefill
4096	20480	2048	32	258.30	0.069	prefill
4096	20480	2048	64	258.20	0.074	prefill
1	28672	2048	1	25.00	0.146	prefill
1	28672	2048	2	23.90	0.068	decode
1	28672	2048	4	21.80	0.130	decode
1	28672	2048	8	20.70	0.111	decode
1	28672	2048	16	20.40	0.113	decode
1	28672	2048	32	20.30	0.139	decode
1	28672	2048	64	20.30	0.139	decode
2	28672	2048	1	25.80	0.090	prefill
2	28672	2048	2	23.90	0.097	decode
2	28672	2048	4	22.30	0.147	decode
2	28672	2048	8	21.20	0.109	decode
2	28672	2048	16	20.70	0.079	decode
2	28672	2048	32	20.70	0.158	decode
2	28672	2048	64	20.70	0.079	decode
4	28672	2048	1	26.00	0.139	prefill
4	28672	2048	2	24.90	0.093	decode
4	28672	2048	4	22.90	0.159	decode
4	28672	2048	8	21.70	0.249	decode
4	28672	2048	16	21.10	0.173	decode
4	28672	2048	32	21.20	0.267	decode
4	28672	2048	64	21.10	0.256	decode
8	28672	2048	1	26.50	0.185	prefill
8	28672	2048	2	26.10	0.108	decode
8	28672	2048	4	24.60	0.094	decode
8	28672	2048	8	22.00	0.129	decode
8	28672	2048	16	22.10	0.105	decode
8	28672	2048	32	22.10	0.148	decode
8	28672	2048	64	22.10	0.165	decode
16	28672	2048	1	26.70	0.194	prefill
16	28672	2048	2	28.30	0.098	decode
16	28672	2048	4	27.40	0.146	decode
16	28672	2048	8	22.80	0.189	decode
16	28672	2048	16	23.40	0.139	decode
16	28672	2048	32	23.40	0.121	decode
16	28672	2048	64	23.50	0.139	decode
32	28672	2048	1	26.80	0.122	prefill
32	28672	2048	2	28.80	0.127	decode
32	28672	2048	4	27.70	0.187	decode
32	28672	2048	8	23.00	0.187	decode
32	28672	2048	16	24.20	0.178	decode
32	28672	2048	32	24.20	0.095	decode
32	28672	2048	64	24.30	0.178	decode
64	28672	2048	1	27.20	0.180	prefill
64	28672	2048	2	32.70	0.100	decode
64	28672	2048	4	32.60	0.173	decode
64	28672	2048	8	24.40	0.067	decode
64	28672	2048	16	26.70	0.229	decode
64	28672	2048	32	26.40	0.138	decode
64	28672	2048	64	26.40	0.087	decode
128	28672	2048	1	27.50	0.133	prefill
128	28672	2048	2	33.60	0.049	decode
128	28672	2048	4	36.90	0.063	decode
128	28672	2048	8	26.60	0.105	decode
128	28672	2048	16	30.30	0.132	decode
128	28672	2048	32	30.20	0.094	decode
128	28672	2048	64	30.20	0.131	decode
256	28672	2048	1	31.00	0.090	prefill
256	28672	2048	2	35.60	0.112	decode
256	28672	2048	4	43.20	0.100	decode
256	28672	2048	8	32.50	0.100	decode
256	28672	2048	16	38.10	0.061	decode
256	28672	2048	32	38.10	0.061	decode
256	28672	2048	64	38.20	0.085	decode
512	28672	2048	1	38.70	0.072	prefill
512	28672	2048	2	45.20	0.051	prefill
512	28672	2048	4	59.60	0.047	prefill
512	28672	2048	8	46.70	0.048	prefill
512	28672	2048	16	55.80	0.051	prefill
512	28672	2048	32	55.90	0.041	prefill
512	28672	2048	64	56.00	0.087	prefill
1024	28672	2048	1	54.10	0.060	prefill
1024	28672	2048	2	69.00	0.033	prefill
1024	28672	2048	4	86.20	0.073	prefill
1024	28672	2048	8	72.20	0.059	prefill
1024	28672	2048	16	88.70	0.045	prefill
1024	28672	2048	32	88.70	0.041	prefill
1024	28672	2048	64	88.80	0.037	prefill
2048	28672	2048	1	103.20	0.077	prefill
2048	28672	2048	2	121.90	0.038	prefill
2048	28672	2048	4	153.20	0.053	prefill
2048	28672	2048	8	140.00	0.057	prefill
2048	28672	2048	16	169.80	0.069	prefill
2048	28672	2048	32	169.80	0.104	prefill
2048	28672	2048	64	169.70	0.077	prefill
4096	28672	2048	1	225.10	0.095	prefill
4096	28672	2048	2	224.80	0.058	prefill
4096	28672	2048	4	270.10	0.082	prefill
4096	28672	2048	8	264.60	0.065	prefill
4096	28672	2048	16	324.10	0.054	prefill
4096	28672	2048	32	324.40	0.084	prefill
4096	28672	2048	64	324.20	0.077	prefill
1	114688	2048	1	44.70	0.063	prefill
1	114688	2048	2	34.90	0.002	decode
1	114688	2048	4	28.30	0.082	decode
1	114688	2048	8	24.40	0.067	decode
1	114688	2048	16	23.00	0.123	decode
1	114688	2048	32	22.30	0.073	decode
1	114688	2048	64	22.00	0.000	decode
2	114688	2048	1	45.50	0.062	prefill
2	114688	2048	2	34.60	0.082	decode
2	114688	2048	4	28.60	0.057	decode
2	114688	2048	8	24.70	0.113	decode
2	114688	2048	16	23.30	0.156	decode
2	114688	2048	32	22.80	0.160	decode
2	114688	2048	64	22.90	0.159	decode
4	114688	2048	1	46.00	0.150	prefill
4	114688	2048	2	36.20	0.001	decode
4	114688	2048	4	28.90	0.112	decode
4	114688	2048	8	25.00	0.173	decode
4	114688	2048	16	23.80	0.217	decode
4	114688	2048	32	23.80	0.275	decode
4	114688	2048	64	24.50	0.230	decode
8	114688	2048	1	46.40	0.079	prefill
8	114688	2048	2	36.60	0.077	decode
8	114688	2048	4	30.20	0.171	decode
8	114688	2048	8	25.70	0.201	decode
8	114688	2048	16	25.00	0.216	decode
8	114688	2048	32	25.60	0.154	decode
8	114688	2048	64	27.40	0.198	decode
16	114688	2048	1	46.50	0.105	prefill
16	114688	2048	2	37.80	0.086	decode
16	114688	2048	4	32.80	0.050	decode
16	114688	2048	8	26.40	0.107	decode
16	114688	2048	16	26.40	0.087	decode
16	114688	2048	32	28.60	0.099	decode
16	114688	2048	64	32.60	0.050	decode
32	114688	2048	1	46.80	0.049	prefill
32	114688	2048	2	38.20	0.060	decode
32	114688	2048	4	33.40	0.118	decode
32	114688	2048	8	26.80	0.122	decode
32	114688	2048	16	28.00	0.193	decode
32	114688	2048	32	32.30	0.071	decode
32	114688	2048	64	40.80	0.132	decode
64	114688	2048	1	48.20	0.068	prefill
64	114688	2048	2	43.00	0.066	decode
64	114688	2048	4	38.20	0.061	decode
64	114688	2048	8	29.10	0.096	decode
64	114688	2048	16	31.40	0.088	decode
64	114688	2048	32	40.50	0.057	decode
64	114688	2048	64	54.20	0.085	decode
128	114688	2048	1	57.20	0.040	prefill
128	114688	2048	2	44.70	0.082	decode
128	114688	2048	4	42.20	0.066	decode
128	114688	2048	8	33.60	0.049	decode
128	114688	2048	16	39.30	0.182	decode
128	114688	2048	32	51.80	0.141	decode
128	114688	2048	64	72.80	0.067	decode
256	114688	2048	1	58.90	0.048	prefill
256	114688	2048	2	48.20	0.067	decode
256	114688	2048	4	50.20	0.055	decode
256	114688	2048	8	44.60	0.072	decode
256	114688	2048	16	51.20	0.064	decode
256	114688	2048	32	70.00	0.061	decode
256	114688	2048	64	100.40	0.075	decode
512	114688	2048	1	75.30	0.075	prefill
512	114688	2048	2	66.60	0.101	prefill
512	114688	2048	4	77.00	0.052	prefill
512	114688	2048	8	68.70	0.047	prefill
512	114688	2048	16	79.20	0.035	prefill
512	114688	2048	32	108.80	0.039	prefill
512	114688	2048	64	158.20	0.139	prefill
1024	114688	2048	1	141.30	0.040	prefill
1024	114688	2048	2	136.90	0.060	prefill
1024	114688	2048	4	144.80	0.048	prefill
1024	114688	2048	8	139.10	0.048	prefill
1024	114688	2048	16	159.30	0.101	prefill
1024	114688	2048	32	206.90	0.047	prefill
1024	114688	2048	64	284.00	0.057	prefill
2048	114688	2048	1	284.90	0.042	prefill
2048	114688	2048	2	272.30	0.107	prefill
2048	114688	2048	4	279.80	0.074	prefill
2048	114688	2048	8	276.00	0.076	prefill
2048	114688	2048	16	311.00	0.071	prefill
2048	114688	2048	32	396.70	0.064	prefill
2048	114688	2048	64	534.00	0.086	prefill
4096	114688	2048	1	510.50	0.047	prefill
4096	114688	2048	2	493.70	0.027	prefill
4096	114688	2048	4	501.20	0.030	prefill
4096	114688	2048	8	500.10	0.099	prefill
4096	114688	2048	16	578.30	0.062	prefill
4096	114688	2048	32	754.40	0.073	prefill
4096	114688	2048	64	1014.80	0.061	prefill
1	163840	2048	1	55.60	0.042	prefill
1	163840	2048	2	41.40	0.000	decode
1	163840	2048	4	32.00	0.050	decode
1	163840	2048	8	26.80	0.002	decode
1	163840	2048	16	24.60	0.094	decode
1	163840	2048	32	23.70	0.069	decode
1	163840	2048	64	23.50	0.069	decode
2	163840	2048	1	56.70	0.040	prefill
2	163840	2048	2	41.10	0.040	decode
2	163840	2048	4	32.30	0.071	decode
2	163840	2048	8	27.10	0.085	decode
2	163840	2048	16	25.00	0.093	decode
2	163840	2048	32	24.30	0.116	decode
2	163840	2048	64	24.50	0.113	decode
4	163840	2048	1	56.60	0.057	prefill
4	163840	2048	2	42.20	0.039	decode
4	163840	2048	4	32.40	0.050	decode
4	163840	2048	8	27.20	0.000	decode
4	163840	2048	16	25.30	0.129	decode
4	163840	2048	32	25.10	0.113	decode
4	163840	2048	64	26.10	0.140	decode
8	163840	2048	1	57.00	0.050	prefill
8	163840	2048	2	42.40	0.122	decode
8	163840	2048	4	33.20	0.139	decode
8	163840	2048	8	28.00	0.155	decode
8	163840	2048	16	26.30	0.186	decode
8	163840	2048	32	26.80	0.183	decode
8	163840	2048	64	29.20	0.193	decode
16	163840	2048	1	57.50	0.040	prefill
16	163840	2048	2	43.40	0.053	decode
16	163840	2048	4	35.90	0.045	decode
16	163840	2048	8	28.70	0.112	decode
16	163840	2048	16	28.20	0.141	decode
16	163840	2048	32	30.00	0.133	decode
16	163840	2048	64	35.50	0.138	decode
32	163840	2048	1	57.60	0.040	prefill
32	163840	2048	2	47.20	0.049	decode
32	163840	2048	4	36.50	0.148	decode
32	163840	2048	8	29.20	0.000	decode
32	163840	2048	16	30.10	0.287	decode
32	163840	2048	32	34.30	0.048	decode
32	163840	2048	64	46.90	0.060	decode
64	163840	2048	1	71.40	0.045	prefill
64	163840	2048	2	50.40	0.045	decode
64	163840	2048	4	43.10	0.065	decode
64	163840	2048	8	32.70	0.086	decode
64	163840	2048	16	34.60	0.082	decode
64	163840	2048	32	42.70	0.085	decode
64	163840	2048	64	61.00	0.092	decode
128	163840	2048	1	72.10	0.045	prefill
128	163840	2048	2	51.40	0.032	decode
128	163840	2048	4	46.50	0.079	decode
128	163840	2048	8	37.90	0.061	decode
128	163840	2048	16	43.10	0.038	decode
128	163840	2048	32	54.40	0.060	decode
128	163840	2048	64	82.70	0.161	decode
256	163840	2048	1	74.30	0.038	prefill
256	163840	2048	2	56.00	0.050	decode
256	163840	2048	4	56.20	0.049	decode
256	163840	2048	8	51.80	0.045	decode
256	163840	2048	16	57.60	0.040	decode
256	163840	2048	32	75.10	0.043	decode
256	163840	2048	64	122.30	0.317	decode
512	163840	2048	1	118.80	0.210	prefill
512	163840	2048	2	96.30	0.182	prefill
512	163840	2048	4	98.50	0.095	prefill
512	163840	2048	8	97.00	0.146	prefill
512	163840	2048	16	108.00	0.099	prefill
512	163840	2048	32	133.50	0.034	prefill
512	163840	2048	64	203.40	0.099	prefill
1024	163840	2048	1	199.10	0.090	prefill
1024	163840	2048	2	193.20	0.089	prefill
1024	163840	2048	4	194.20	0.085	prefill
1024	163840	2048	8	193.80	0.048	prefill
1024	163840	2048	16	208.70	0.071	prefill
1024	163840	2048	32	251.00	0.094	prefill
1024	163840	2048	64	369.60	0.080	prefill
2048	163840	2048	1	346.60	0.082	prefill
2048	163840	2048	2	340.40	0.095	prefill
2048	163840	2048	4	339.80	0.067	prefill
2048	163840	2048	8	336.20	0.083	prefill
2048	163840	2048	16	365.50	0.125	prefill
2048	163840	2048	32	457.90	0.052	prefill
2048	163840	2048	64	688.80	0.099	prefill
4096	163840	2048	1	747.10	0.048	prefill
4096	163840	2048	2	716.80	0.060	prefill
4096	163840	2048	4	709.60	0.058	prefill
4096	163840	2048	8	708.80	0.042	prefill
4096	163840	2048	16	774.70	0.054	prefill
4096	163840	2048	32	918.60	0.050	prefill
4096	163840	2048	64	1331.10	0.092	prefill
1	229376	2048	1	69.00	0.053	prefill
1	229376	2048	2	48.80	0.058	decode
1	229376	2048	4	36.50	0.063	decode
1	229376	2048	8	29.80	0.055	decode
1	229376	2048	16	26.90	0.086	decode
1	229376	2048	32	25.50	0.108	decode
1	229376	2048	64	25.00	0.002	decode
2	229376	2048	1	69.90	0.057	prefill
2	229376	2048	2	48.50	0.034	decode
2	229376	2048	4	36.80	0.000	decode
2	229376	2048	8	30.00	0.054	decode
2	229376	2048	16	27.10	0.085	decode
2	229376	2048	32	26.00	0.125	decode
2	229376	2048	64	26.00	0.089	decode
4	229376	2048	1	70.10	0.077	prefill
4	229376	2048	2	49.60	0.057	decode
4	229376	2048	4	37.00	0.098	decode
4	229376	2048	8	30.50	0.119	decode
4	229376	2048	16	27.50	0.197	decode
4	229376	2048	32	27.00	0.171	decode
4	229376	2048	64	27.60	0.177	decode
8	229376	2048	1	70.70	0.069	prefill
8	229376	2048	2	50.00	0.046	decode
8	229376	2048	4	37.60	0.136	decode
8	229376	2048	8	31.00	0.167	decode
8	229376	2048	16	28.80	0.114	decode
8	229376	2048	32	28.80	0.179	decode
8	229376	2048	64	31.20	0.196	decode
16	229376	2048	1	71.30	0.032	prefill
16	229376	2048	2	51.20	0.045	decode
16	229376	2048	4	40.00	0.082	decode
16	229376	2048	8	31.90	0.134	decode
16	229376	2048	16	30.40	0.107	decode
16	229376	2048	32	32.00	0.102	decode
16	229376	2048	64	37.20	0.098	decode
32	229376	2048	1	82.10	0.034	prefill
32	229376	2048	2	55.70	0.041	decode
32	229376	2048	4	43.00	0.066	decode
32	229376	2048	8	33.80	0.127	decode
32	229376	2048	16	33.10	0.256	decode
32	229376	2048	32	37.20	0.061	decode
32	229376	2048	64	49.50	0.065	decode
64	229376	2048	1	90.60	0.031	prefill
64	229376	2048	2	60.20	0.038	decode
64	229376	2048	4	48.40	0.058	decode
64	229376	2048	8	36.70	0.109	decode
64	229376	2048	16	38.20	0.074	decode
64	229376	2048	32	46.30	0.070	decode
64	229376	2048	64	64.10	0.084	decode
128	229376	2048	1	91.50	0.047	prefill
128	229376	2048	2	61.50	0.075	decode
128	229376	2048	4	52.20	0.044	decode
128	229376	2048	8	44.00	0.052	decode
128	229376	2048	16	48.70	0.058	decode
128	229376	2048	32	59.20	0.107	decode
128	229376	2048	64	86.00	0.107	decode
256	229376	2048	1	93.80	0.060	prefill
256	229376	2048	2	66.80	0.043	decode
256	229376	2048	4	64.60	0.036	decode
256	229376	2048	8	61.90	0.052	decode
256	229376	2048	16	67.20	0.034	decode
256	229376	2048	32	82.80	0.048	decode
256	229376	2048	64	128.20	0.097	decode
512	229376	2048	1	158.50	0.140	prefill
512	229376	2048	2	127.20	0.053	prefill
512	229376	2048	4	123.40	0.060	prefill
512	229376	2048	8	124.20	0.067	prefill
512	229376	2048	16	135.60	0.040	prefill
512	229376	2048	32	159.60	0.129	prefill
512	229376	2048	64	215.80	0.080	prefill
1024	229376	2048	1	260.60	0.073	prefill
1024	229376	2048	2	251.90	0.089	prefill
1024	229376	2048	4	245.50	0.084	prefill
1024	229376	2048	8	245.10	0.112	prefill
1024	229376	2048	16	261.80	0.092	prefill
1024	229376	2048	32	303.30	0.085	prefill
1024	229376	2048	64	392.50	0.069	prefill
2048	229376	2048	1	468.90	0.055	prefill
2048	229376	2048	2	462.70	0.037	prefill
2048	229376	2048	4	454.40	0.122	prefill
2048	229376	2048	8	446.10	0.050	prefill
2048	229376	2048	16	469.30	0.104	prefill
2048	229376	2048	32	556.30	0.063	prefill
2048	229376	2048	64	736.60	0.076	prefill
4096	229376	2048	1	936.90	0.037	prefill
4096	229376	2048	2	916.80	0.041	prefill
4096	229376	2048	4	896.60	0.069	prefill
4096	229376	2048	8	883.80	0.076	prefill
4096	229376	2048	16	944.90	0.068	prefill
4096	229376	2048	32	1104.10	0.063	prefill
4096	229376	2048	64	1424.80	0.030	prefill
1	327680	2048	1	88.10	0.037	prefill
1	327680	2048	2	59.20	0.028	decode
1	327680	2048	4	42.20	0.039	decode
1	327680	2048	8	33.10	0.048	decode
1	327680	2048	16	29.00	0.098	decode
1	327680	2048	32	27.10	0.002	decode
1	327680	2048	64	26.50	0.062	decode
2	327680	2048	1	89.20	0.044	prefill
2	327680	2048	2	58.20	0.039	decode
2	327680	2048	4	42.00	0.055	decode
2	327680	2048	8	33.30	0.069	decode
2	327680	2048	16	29.20	0.054	decode
2	327680	2048	32	27.50	0.084	decode
2	327680	2048	64	27.20	0.085	decode
4	327680	2048	1	89.10	0.077	prefill
4	327680	2048	2	59.80	0.091	decode
4	327680	2048	4	42.60	0.158	decode
4	327680	2048	8	33.40	0.085	decode
4	327680	2048	16	29.60	0.096	decode
4	327680	2048	32	28.50	0.081	decode
4	327680	2048	64	29.10	0.112	decode
8	327680	2048	1	89.30	0.058	prefill
8	327680	2048	2	59.90	0.089	decode
8	327680	2048	4	42.80	0.121	decode
8	327680	2048	8	33.70	0.194	decode
8	327680	2048	16	30.60	0.141	decode
8	327680	2048	32	30.00	0.094	decode
8	327680	2048	64	32.00	0.101	decode
16	327680	2048	1	89.70	0.031	prefill
16	327680	2048	2	60.20	0.038	decode
16	327680	2048	4	47.80	0.059	decode
16	327680	2048	8	34.80	0.114	decode
16	327680	2048	16	32.40	0.087	decode
16	327680	2048	32	33.70	0.084	decode
16	327680	2048	64	38.40	0.084	decode
32	327680	2048	1	116.10	0.037	prefill
32	327680	2048	2	73.00	0.022	decode
32	327680	2048	4	50.80	0.064	decode
32	327680	2048	8	39.00	0.059	decode
32	327680	2048	16	36.00	0.078	decode
32	327680	2048	32	40.20	0.069	decode
32	327680	2048	64	52.60	0.076	decode
64	327680	2048	1	117.10	0.031	prefill
64	327680	2048	2	73.60	0.032	decode
64	327680	2048	4	54.30	0.030	decode
64	327680	2048	8	41.00	0.098	decode
64	327680	2048	16	42.00	0.054	decode
64	327680	2048	32	50.70	0.111	decode
64	327680	2048	64	67.50	0.077	decode
128	327680	2048	1	118.00	0.024	prefill
128	327680	2048	2	74.90	0.057	decode
128	327680	2048	4	58.20	0.027	decode
128	327680	2048	8	50.90	0.045	decode
128	327680	2048	16	54.90	0.030	decode
128	327680	2048	32	65.40	0.056	decode
128	327680	2048	64	91.70	0.137	decode
256	327680	2048	1	153.70	0.111	prefill
256	327680	2048	2	112.40	0.169	decode
256	327680	2048	4	87.30	0.217	decode
256	327680	2048	8	86.60	0.206	decode
256	327680	2048	16	94.80	0.154	decode
256	327680	2048	32	109.60	0.094	decode
256	327680	2048	64	146.80	0.098	decode
512	327680	2048	1	218.50	0.113	prefill
512	327680	2048	2	170.60	0.111	prefill
512	327680	2048	4	167.20	0.144	prefill
512	327680	2048	8	164.80	0.220	prefill
512	327680	2048	16	175.30	0.106	prefill
512	327680	2048	32	197.00	0.152	prefill
512	327680	2048	64	248.20	0.169	prefill
1024	327680	2048	1	294.70	0.056	prefill
1024	327680	2048	2	304.50	0.145	prefill
1024	327680	2048	4	301.80	0.075	prefill
1024	327680	2048	8	293.70	0.092	prefill
1024	327680	2048	16	299.30	0.138	prefill
1024	327680	2048	32	334.60	0.068	prefill
1024	327680	2048	64	440.30	0.082	prefill
2048	327680	2048	1	677.80	0.028	prefill
2048	327680	2048	2	651.80	0.085	prefill
2048	327680	2048	4	642.10	0.063	prefill
2048	327680	2048	8	622.20	0.122	prefill
2048	327680	2048	16	647.00	0.092	prefill
2048	327680	2048	32	730.60	0.079	prefill
2048	327680	2048	64	875.40	0.056	prefill
4096	327680	2048	1	1262.40	0.044	prefill
4096	327680	2048	2	1231.40	0.081	prefill
4096	327680	2048	4	1222.00	0.042	prefill
4096	327680	2048	8	1185.80	0.155	prefill
4096	327680	2048	16	1229.90	0.065	prefill
4096	327680	2048	32	1385.10	0.083	prefill
4096	327680	2048	64	1683.50	0.043	prefill
1	458752	2048	1	111.90	0.050	prefill
1	458752	2048	2	71.80	0.023	decode
1	458752	2048	4	48.80	0.067	decode
1	458752	2048	8	37.40	0.087	decode
1	458752	2048	16	31.40	0.052	decode
1	458752	2048	32	28.60	0.081	decode
1	458752	2048	64	27.60	0.059	decode
2	458752	2048	1	112.60	0.038	prefill
2	458752	2048	2	70.80	0.086	decode
2	458752	2048	4	48.40	0.048	decode
2	458752	2048	8	37.40	0.075	decode
2	458752	2048	16	31.50	0.115	decode
2	458752	2048	32	28.90	0.139	decode
2	458752	2048	64	28.30	0.129	decode
4	458752	2048	1	112.80	0.029	prefill
4	458752	2048	2	72.00	0.001	decode
4	458752	2048	4	48.60	0.048	decode
4	458752	2048	8	37.40	0.087	decode
4	458752	2048	16	31.60	0.112	decode
4	458752	2048	32	29.60	0.226	decode
4	458752	2048	64	29.80	0.123	decode
8	458752	2048	1	114.00	0.021	prefill
8	458752	2048	2	73.10	0.044	decode
8	458752	2048	4	49.40	0.081	decode
8	458752	2048	8	37.90	0.129	decode
8	458752	2048	16	32.80	0.157	decode
8	458752	2048	32	31.50	0.090	decode
8	458752	2048	64	33.30	0.154	decode
16	458752	2048	1	114.80	0.024	prefill
16	458752	2048	2	83.10	0.043	decode
16	458752	2048	4	54.80	0.051	decode
16	458752	2048	8	40.80	0.098	decode
16	458752	2048	16	35.30	0.093	decode
16	458752	2048	32	35.40	0.092	decode
16	458752	2048	64	40.10	0.081	decode
32	458752	2048	1	150.10	0.058	prefill
32	458752	2048	2	89.90	0.025	decode
32	458752	2048	4	59.20	0.061	decode
32	458752	2048	8	43.70	0.053	decode
32	458752	2048	16	38.60	0.058	decode
32	458752	2048	32	42.60	0.094	decode
32	458752	2048	64	54.60	0.052	decode
64	458752	2048	1	150.80	0.053	prefill
64	458752	2048	2	90.50	0.059	decode
64	458752	2048	4	61.60	0.045	decode
64	458752	2048	8	46.30	0.050	decode
64	458752	2048	16	46.20	0.061	decode
64	458752	2048	32	54.40	0.100	decode
64	458752	2048	64	71.80	0.072	decode
128	458752	2048	1	435.20	0.044	prefill
128	458752	2048	2	374.50	0.064	decode
128	458752	2048	4	346.10	0.070	decode
128	458752	2048	8	343.00	0.039	decode
128	458752	2048	16	344.60	0.067	decode
128	458752	2048	32	353.60	0.104	decode
128	458752	2048	64	377.20	0.130	decode
256	458752	2048	1	493.90	0.058	prefill
256	458752	2048	2	435.90	0.072	decode
256	458752	2048	4	402.40	0.052	decode
256	458752	2048	8	403.70	0.095	decode
256	458752	2048	16	399.50	0.105	decode
256	458752	2048	32	413.60	0.054	decode
256	458752	2048	64	446.50	0.079	decode
512	458752	2048	1	583.90	0.058	prefill
512	458752	2048	2	518.00	0.072	prefill
512	458752	2048	4	517.10	0.075	prefill
512	458752	2048	8	508.50	0.084	prefill
512	458752	2048	16	517.00	0.065	prefill
512	458752	2048	32	538.90	0.068	prefill
512	458752	2048	64	590.60	0.087	prefill
1024	458752	2048	1	946.20	0.095	prefill
1024	458752	2048	2	966.90	0.098	prefill
1024	458752	2048	4	961.60	0.086	prefill
1024	458752	2048	8	947.60	0.061	prefill
1024	458752	2048	16	951.40	0.058	prefill
1024	458752	2048	32	978.20	0.064	prefill
1024	458752	2048	64	1080.70	0.040	prefill
2048	458752	2048	1	1376.10	0.052	prefill
2048	458752	2048	2	1348.00	0.055	prefill
2048	458752	2048	4	1352.90	0.048	prefill
2048	458752	2048	8	1334.80	0.068	prefill
2048	458752	2048	16	1339.20	0.083	prefill
2048	458752	2048	32	1409.10	0.063	prefill
2048	458752	2048	64	1593.90	0.041	prefill
4096	458752	2048	1	2231.50	0.049	prefill
4096	458752	2048	2	2196.10	0.052	prefill
4096	458752	2048	4	2185.80	0.053	prefill
4096	458752	2048	8	2134.00	0.046	prefill
4096	458752	2048	16	2133.10	0.056	prefill
4096	458752	2048	32	2286.60	0.084	prefill
4096	458752	2048	64	2625.40	0.025	prefill
1	655360	2048	1	146.30	0.022	prefill
1	655360	2048	2	91.50	0.061	decode
1	655360	2048	4	59.70	0.061	decode
1	655360	2048	8	43.20	0.085	decode
1	655360	2048	16	34.70	0.105	decode
1	655360	2048	32	30.90	0.117	decode
1	655360	2048	64	29.20	0.137	decode
2	655360	2048	1	146.90	0.042	prefill
2	655360	2048	2	91.60	0.036	decode
2	655360	2048	4	59.80	0.060	decode
2	655360	2048	8	43.40	0.038	decode
2	655360	2048	16	35.00	0.092	decode
2	655360	2048	32	31.40	0.127	decode
2	655360	2048	64	30.20	0.077	decode
4	655360	2048	1	147.00	0.035	prefill
4	655360	2048	2	91.50	0.059	decode
4	655360	2048	4	59.60	0.048	decode
4	655360	2048	8	43.20	0.076	decode
4	655360	2048	16	35.00	0.155	decode
4	655360	2048	32	32.00	0.135	decode
4	655360	2048	64	31.60	0.090	decode
8	655360	2048	1	148.30	0.022	prefill
8	655360	2048	2	90.60	0.044	decode
8	655360	2048	4	59.40	0.055	decode
8	655360	2048	8	47.80	0.059	decode
8	655360	2048	16	35.90	0.064	decode
8	655360	2048	32	34.20	0.082	decode
8	655360	2048	64	34.90	0.080	decode
16	655360	2048	1	198.90	0.034	prefill
16	655360	2048	2	115.20	0.020	decode
16	655360	2048	4	72.10	0.038	decode
16	655360	2048	8	50.50	0.055	decode
16	655360	2048	16	40.90	0.039	decode
16	655360	2048	32	39.00	0.071	decode
16	655360	2048	64	43.40	0.064	decode
32	655360	2048	1	199.00	0.070	prefill
32	655360	2048	2	115.70	0.028	decode
32	655360	2048	4	72.80	0.039	decode
32	655360	2048	8	51.20	0.055	decode
32	655360	2048	16	42.80	0.038	decode
32	655360	2048	32	46.00	0.087	decode
32	655360	2048	64	57.20	0.028	decode
64	655360	2048	1	199.80	0.025	prefill
64	655360	2048	2	116.80	0.020	decode
64	655360	2048	4	74.40	0.031	decode
64	655360	2048	8	54.60	0.042	decode
64	655360	2048	16	53.20	0.053	decode
64	655360	2048	32	60.30	0.061	decode
64	655360	2048	64	76.90	0.052	decode
128	655360	2048	1	253.90	0.116	prefill
128	655360	2048	2	150.20	0.115	decode
128	655360	2048	4	107.40	0.094	decode
128	655360	2048	8	83.60	0.281	decode
128	655360	2048	16	86.10	0.268	decode
128	655360	2048	32	98.50	0.116	decode
128	655360	2048	64	117.90	0.092	decode
256	655360	2048	1	273.40	0.075	prefill
256	655360	2048	2	202.20	0.102	decode
256	655360	2048	4	157.00	0.169	decode
256	655360	2048	8	153.00	0.216	decode
256	655360	2048	16	154.50	0.179	decode
256	655360	2048	32	169.00	0.095	decode
256	655360	2048	64	199.00	0.097	decode
512	655360	2048	1	342.80	0.084	prefill
512	655360	2048	2	277.90	0.172	prefill
512	655360	2048	4	280.20	0.169	prefill
512	655360	2048	8	270.70	0.142	prefill
512	655360	2048	16	271.80	0.221	prefill
512	655360	2048	32	278.60	0.117	prefill
512	655360	2048	64	323.60	0.140	prefill
1024	655360	2048	1	619.00	0.052	prefill
1024	655360	2048	2	606.60	0.081	prefill
1024	655360	2048	4	591.80	0.059	prefill
1024	655360	2048	8	577.80	0.064	prefill
1024	655360	2048	16	575.20	0.079	prefill
1024	655360	2048	32	605.10	0.095	prefill
1024	655360	2048	64	695.20	0.066	prefill
2048	655360	2048	1	1148.40	0.069	prefill
2048	655360	2048	2	1136.80	0.062	prefill
2048	655360	2048	4	1122.00	0.041	prefill
2048	655360	2048	8	1106.60	0.096	prefill
2048	655360	2048	16	1101.80	0.092	prefill
2048	655360	2048	32	1149.80	0.075	prefill
2048	655360	2048	64	1318.20	0.046	prefill
4096	655360	2048	1	2399.30	0.038	prefill
4096	655360	2048	2	2329.90	0.067	prefill
4096	655360	2048	4	2279.50	0.055	prefill
4096	655360	2048	8	2255.30	0.058	prefill
4096	655360	2048	16	2247.20	0.064	prefill
4096	655360	2048	32	2352.70	0.076	prefill
4096	655360	2048	64	2679.20	0.058	prefill
1	917504	2048	1	186.60	0.051	prefill
1	917504	2048	2	111.40	0.036	decode
1	917504	2048	4	69.60	0.205	decode
1	917504	2048	8	48.40	0.211	decode
1	917504	2048	16	37.40	3.100	decode
1	917504	2048	32	32.40	0.122	decode
1	917504	2048	64	30.00	0.077	decode
2	917504	2048	1	187.00	0.042	prefill
2	917504	2048	2	109.60	0.042	decode
2	917504	2048	4	68.80	0.034	decode
2	917504	2048	8	48.30	0.059	decode
2	917504	2048	16	37.70	0.042	decode
2	917504	2048	32	32.50	0.132	decode
2	917504	2048	64	30.70	0.159	decode
4	917504	2048	1	193.80	0.096	prefill
4	917504	2048	2	113.80	0.029	decode
4	917504	2048	4	72.90	0.074	decode
4	917504	2048	8	49.90	0.065	decode
4	917504	2048	16	38.50	0.164	decode
4	917504	2048	32	33.90	0.108	decode
4	917504	2048	64	32.80	0.122	decode
8	917504	2048	1	194.20	0.053	prefill
8	917504	2048	2	117.60	0.044	decode
8	917504	2048	4	81.20	0.080	decode
8	917504	2048	8	55.40	0.122	decode
8	917504	2048	16	40.80	0.069	decode
8	917504	2048	32	36.30	0.044	decode
8	917504	2048	64	36.80	0.062	decode
16	917504	2048	1	264.00	0.053	prefill
16	917504	2048	2	148.20	0.027	decode
16	917504	2048	4	89.40	0.031	decode
16	917504	2048	8	59.60	0.095	decode
16	917504	2048	16	45.20	0.062	decode
16	917504	2048	32	41.70	0.238	decode
16	917504	2048	64	45.80	0.036	decode
32	917504	2048	1	264.90	0.048	prefill
32	917504	2048	2	150.00	0.153	decode
32	917504	2048	4	90.30	0.044	decode
32	917504	2048	8	60.50	0.066	decode
32	917504	2048	16	47.90	0.112	decode
32	917504	2048	32	50.30	0.108	decode
32	917504	2048	64	62.00	0.074	decode
64	917504	2048	1	265.90	0.045	prefill
64	917504	2048	2	150.00	0.056	decode
64	917504	2048	4	92.00	0.148	decode
64	917504	2048	8	66.40	0.034	decode
64	917504	2048	16	61.90	0.070	decode
64	917504	2048	32	68.60	0.197	decode
64	917504	2048	64	86.00	0.033	decode
128	917504	2048	1	338.40	0.101	prefill
128	917504	2048	2	198.60	0.078	decode
128	917504	2048	4	141.30	0.075	decode
128	917504	2048	8	113.40	0.104	decode
128	917504	2048	16	111.70	0.121	decode
128	917504	2048	32	121.00	0.110	decode
128	917504	2048	64	141.20	0.053	decode
256	917504	2048	1	367.80	0.116	prefill
256	917504	2048	2	270.50	0.114	decode
256	917504	2048	4	210.80	0.174	decode
256	917504	2048	8	205.30	0.250	decode
256	917504	2048	16	201.10	0.175	decode
256	917504	2048	32	213.60	0.154	decode
256	917504	2048	64	241.20	0.105	decode
512	917504	2048	1	461.40	0.068	prefill
512	917504	2048	2	360.10	0.091	prefill
512	917504	2048	4	387.20	0.080	prefill
512	917504	2048	8	375.10	0.148	prefill
512	917504	2048	16	367.90	0.162	prefill
512	917504	2048	32	377.10	0.073	prefill
512	917504	2048	64	412.60	0.095	prefill
1024	917504	2048	1	742.20	0.079	prefill
1024	917504	2048	2	755.80	0.090	prefill
1024	917504	2048	4	755.60	0.072	prefill
1024	917504	2048	8	755.60	0.086	prefill
1024	917504	2048	16	742.80	0.093	prefill
1024	917504	2048	32	748.90	0.152	prefill
1024	917504	2048	64	824.00	0.040	prefill
2048	917504	2048	1	1548.10	0.042	prefill
2048	917504	2048	2	1522.40	0.047	prefill
2048	917504	2048	4	1522.20	0.037	prefill
2048	917504	2048	8	1508.60	0.051	prefill
2048	917504	2048	16	1488.50	0.053	prefill
2048	917504	2048	32	1504.60	0.122	prefill
2048	917504	2048	64	1653.90	0.109	prefill
4096	917504	2048	1	3198.70	0.588	prefill
4096	917504	2048	2	3118.10	0.772	prefill
4096	917504	2048	4	3077.30	0.771	prefill
4096	917504	2048	8	3048.50	0.735	prefill
4096	917504	2048	16	3017.30	0.840	prefill
4096	917504	2048	32	3042.10	0.614	prefill
4096	917504	2048	64	3353.00	0.188	prefill
1	1048572	2048	1	240.20	0.133	prefill
1	1048572	2048	2	122.40	0.035	decode
1	1048572	2048	4	75.00	0.030	decode
1	1048572	2048	8	51.80	0.031	decode
1	1048572	2048	16	39.20	0.071	decode
1	1048572	2048	32	33.40	0.098	decode
1	1048572	2048	64	30.60	0.091	decode
2	1048572	2048	1	240.90	0.081	prefill
2	1048572	2048	2	120.30	0.045	decode
2	1048572	2048	4	74.50	0.037	decode
2	1048572	2048	8	51.40	0.044	decode
2	1048572	2048	16	39.60	0.071	decode
2	1048572	2048	32	33.60	0.083	decode
2	1048572	2048	64	31.30	0.074	decode
4	1048572	2048	1	249.90	0.103	prefill
4	1048572	2048	2	127.70	0.043	decode
4	1048572	2048	4	76.20	0.037	decode
4	1048572	2048	8	52.30	0.069	decode
4	1048572	2048	16	39.90	0.069	decode
4	1048572	2048	32	36.30	0.090	decode
4	1048572	2048	64	34.00	0.126	decode
8	1048572	2048	1	249.50	0.115	prefill
8	1048572	2048	2	165.50	0.068	decode
8	1048572	2048	4	95.60	0.042	decode
8	1048572	2048	8	62.60	0.036	decode
8	1048572	2048	16	45.90	0.001	decode
8	1048572	2048	32	38.90	0.001	decode
8	1048572	2048	64	38.00	0.086	decode
16	1048572	2048	1	299.80	0.035	prefill
16	1048572	2048	2	166.30	0.029	decode
16	1048572	2048	4	97.90	0.016	decode
16	1048572	2048	8	64.40	0.000	decode
16	1048572	2048	16	47.70	0.034	decode
16	1048572	2048	32	42.80	0.054	decode
16	1048572	2048	64	47.20	0.059	decode
32	1048572	2048	1	303.80	0.029	prefill
32	1048572	2048	2	168.60	0.044	decode
32	1048572	2048	4	99.50	0.043	decode
32	1048572	2048	8	66.40	0.059	decode
32	1048572	2048	16	50.70	0.055	decode
32	1048572	2048	32	52.80	0.044	decode
32	1048572	2048	64	64.00	0.062	decode
64	1048572	2048	1	356.90	0.216	prefill
64	1048572	2048	2	191.90	0.182	decode
64	1048572	2048	4	115.50	0.164	decode
64	1048572	2048	8	80.10	0.105	decode
64	1048572	2048	16	68.90	0.047	decode
64	1048572	2048	32	73.70	0.080	decode
64	1048572	2048	64	90.90	0.053	decode
128	1048572	2048	1	396.10	0.068	prefill
128	1048572	2048	2	227.00	0.102	decode
128	1048572	2048	4	157.90	0.168	decode
128	1048572	2048	8	129.40	0.082	decode
128	1048572	2048	16	124.30	0.039	decode
128	1048572	2048	32	135.20	0.093	decode
128	1048572	2048	64	153.00	0.191	decode
256	1048572	2048	1	423.20	0.086	prefill
256	1048572	2048	2	266.30	0.077	decode
256	1048572	2048	4	236.10	0.151	decode
256	1048572	2048	8	224.50	0.084	decode
256	1048572	2048	16	215.60	0.057	decode
256	1048572	2048	32	221.40	0.122	decode
256	1048572	2048	64	239.40	0.144	decode
512	1048572	2048	1	605.20	0.045	prefill
512	1048572	2048	2	473.80	0.084	prefill
512	1048572	2048	4	456.50	0.148	prefill
512	1048572	2048	8	452.80	0.133	prefill
512	1048572	2048	16	435.60	0.074	prefill
512	1048572	2048	32	449.80	0.094	prefill
512	1048572	2048	64	489.30	0.123	prefill
1024	1048572	2048	1	967.40	0.040	prefill
1024	1048572	2048	2	930.80	0.049	prefill
1024	1048572	2048	4	905.90	0.140	prefill
1024	1048572	2048	8	894.40	0.124	prefill
1024	1048572	2048	16	858.00	0.096	prefill
1024	1048572	2048	32	881.20	0.123	prefill
1024	1048572	2048	64	949.50	0.121	prefill
2048	1048572	2048	1	1884.80	0.051	prefill
2048	1048572	2048	2	1820.60	0.074	prefill
2048	1048572	2048	4	1768.20	0.126	prefill
2048	1048572	2048	8	1747.50	0.095	prefill
2048	1048572	2048	16	1702.60	0.051	prefill
2048	1048572	2048	32	1731.40	0.054	prefill
2048	1048572	2048	64	1869.60	0.073	prefill
4096	1048572	2048	1	3190.90	1.242	prefill
4096	1048572	2048	2	3156.40	0.951	prefill
4096	1048572	2048	4	3136.00	0.595	prefill
4096	1048572	2048	8	3114.50	0.767	prefill
4096	1048572	2048	16	3044.90	0.898	prefill
4096	1048572	2048	32	3059.20	0.801	prefill
4096	1048572	2048	64	3174.70	1.542	prefill
